575, 187, 176, 1, 2.594457
575, 177, 168, 1, 3.358317
575, 671, 639, 3, 4.739314
575, 185, 175, 1, 4.238478
575, 747, 696, 5, 5.669644
575, 7635, 7125, 52, 6.793969
575, 2508, 2339, 17, 10.435545
575, 1373, 1321, 5, 2.626926
575, 185, 175, 1, 1.687360
575, 4334, 4066, 27, 6.627772
575, 245, 235, 1, 6.202864
575, 174, 165, 1, 3.964141
575, 1973, 1868, 10, 5.623073
575, 277, 266, 1, 1.568139
575, 935, 886, 5, 4.472297
575, 186, 176, 1, 6.705498
575, 5029, 4693, 34, 7.492283
575, 3288, 3064, 22, 4.220828
575, 413, 383, 2, 4.436078
575, 740, 708, 3, 8.433496
575, 4462, 4176, 29, 5.411097
575, 7622, 7115, 51, 4.063717
575, 4789, 4472, 32, 5.599997
575, 2276, 2163, 11, 5.480730
575, 753, 710, 4, 8.188842
575, 175, 165, 1, 5.449671
575, 905, 845, 6, 7.189363
575, 1052, 983, 7, 4.231071
575, 941, 893, 5, 6.507919
575, 2557, 2391, 17, 3.173574
575, 1148, 1086, 6, 3.078223
575, 5230, 4901, 33, 4.515298
575, 758, 717, 4, 5.101283
575, 186, 177, 1, 2.725396
575, 1797, 1677, 12, 5.523799
575, 465, 443, 2, 6.443460
575, 3645, 3406, 24, 6.840873
575, 4178, 3909, 27, 4.249586
575, 7926, 7401, 52, 5.513650
575, 1824, 1704, 12, 6.939346
575, 494, 473, 2, 7.282146
575, 2739, 2555, 18, 3.191416
575, 593, 553, 4, 4.084030
575, 2671, 2526, 15, 7.086398
575, 1333, 1263, 7, 5.629775
575, 6534, 6113, 42, 5.932079
575, 195, 185, 1, 5.068442
575, 379, 359, 2, 4.822288
575, 911, 851, 6, 3.928445
575, 317, 297, 2, 5.970605
575, 7379, 6911, 48, 5.411364
575, 277, 267, 1, 5.854704
575, 177, 167, 1, 2.912566
575, 308, 290, 2, 7.954385
575, 253, 243, 1, 6.062593
575, 1373, 1281, 9, 9.154239
575, 355, 335, 2, 1.361448
575, 720, 699, 2, 7.766627
575, 620, 579, 3, 4.831170
575, 998, 939, 6, 4.024587
575, 193, 182, 1, 2.665504
575, 3066, 2884, 18, 7.289793
575, 3028, 2838, 19, 5.636640
575, 2281, 2131, 15, 5.948981
575, 279, 271, 1, 4.381707
575, 561, 538, 2, 5.345258
575, 578, 549, 3, 4.729598
575, 381, 360, 2, 8.190832
575, 176, 167, 1, 3.844672
575, 1964, 1839, 13, 2.960714
575, 193, 184, 1, 6.730186
575, 1699, 1607, 9, 7.829700
575, 175, 165, 1, 6.094983
575, 351, 331, 2, 8.165413
575, 358, 337, 2, 5.496682
575, 593, 563, 3, 7.403162
575, 280, 269, 1, 7.200246
575, 572, 541, 3, 4.296484
575, 953, 890, 6, 4.469127
575, 357, 336, 2, 4.804300
575, 279, 268, 1, 8.274102
575, 249, 238, 1, 5.376079
575, 1986, 1886, 10, 6.646381
575, 584, 562, 2, 2.799300
575, 1241, 1179, 6, 4.267244
575, 188, 178, 1, 4.951849
575, 1356, 1284, 7, 5.368032
575, 178, 167, 1, 5.682192
575, 2893, 2722, 17, 4.117992
575, 386, 365, 2, 6.901366
575, 2545, 2411, 14, 9.358152
575, 4484, 4204, 28, 5.260324
575, 283, 271, 1, 2.812534
575, 6898, 6454, 45, 4.402329
575, 1958, 1829, 13, 3.942279
575, 1334, 1263, 7, 3.109672
575, 10398, 9718, 69, 0.538398
575, 178, 168, 1, 4.799167
575, 766, 726, 4, 5.671113
575, 4950, 4627, 32, 3.909402
575, 3965, 3699, 26, 5.561189
575, 195, 185, 1, 4.048262
575, 5043, 4750, 29, 9.645003
575, 298, 279, 2, 2.522817
575, 4087, 3831, 26, 8.099863
575, 579, 548, 3, 5.819187
575, 196, 186, 1, 2.163033
575, 249, 239, 1, -0.055873
575, 11143, 10424, 72, 0.324735
575, 6679, 6241, 44, 7.305066
575, 1517, 1414, 10, 1.715066
575, 188, 178, 1, 5.409008
575, 931, 881, 5, 3.213464
575, 585, 563, 2, 5.586531
575, 4562, 4287, 28, 2.208984
575, 1524, 1424, 10, 5.397130
575, 457, 431, 3, 2.983891
575, 2118, 1978, 14, 6.634124
575, 3921, 3665, 26, 10.210042
575, 3357, 3136, 22, 5.756175
575, 246, 235, 1, 5.392704
575, 182, 172, 1, 5.829016
575, 5438, 5079, 36, 6.105569
575, 372, 352, 2, 4.808757
575, 5302, 4949, 35, 7.775054
575, 765, 724, 4, 6.972882
575, 2227, 2146, 8, 2.478320
575, 762, 712, 5, 4.477997
575, 2738, 2558, 18, 6.724598
575, 5207, 4866, 34, 3.009027
575, 2114, 1977, 14, 7.027176
575, 481, 450, 3, 3.973411
575, 160, 150, 1, 2.193392
575, 637, 607, 3, 5.416200
575, 814, 782, 3, 4.381637
575, 1660, 1577, 8, 4.645368
575, 1719, 1626, 9, 8.157880
575, 382, 364, 2, 3.081651
575, 190, 180, 1, 4.887096
575, 693, 653, 4, 6.068173
575, 179, 169, 1, 6.622239
575, 150, 140, 1, 6.286533
575, 461, 442, 2, 7.889144
575, 2841, 2657, 18, 9.292105
575, 760, 724, 4, 3.955890
575, 4532, 4236, 30, 5.393209
575, 470, 452, 2, 3.709283
575, 370, 353, 2, 5.225652
575, 191, 181, 1, 3.624808
575, 5530, 5165, 36, 6.601466
575, 1275, 1198, 8, 1.126676
575, 189, 181, 1, 4.541663
575, 751, 710, 4, 3.285099
575, 613, 571, 4, 1.995370
575, 3043, 2846, 20, 3.334955
575, 758, 708, 5, 1.636026
575, 277, 267, 1, 3.338790
575, 2135, 2015, 12, 3.970020
575, 1080, 1019, 6, 2.363631
575, 151, 142, 1, 4.317013
575, 232, 222, 1, 3.398616
575, 748, 700, 5, 1.245187
575, 6012, 5623, 39, 6.305343
575, 1130, 1069, 6, 3.055849
575, 450, 423, 3, 4.098479
575, 248, 237, 1, 5.191289
575, 179, 169, 1, 7.091435
575, 3623, 3383, 24, 4.414707
575, 2146, 2008, 14, 0.976742
575, 909, 858, 5, 4.992459
575, 552, 532, 2, 5.790994
575, 876, 845, 3, 6.623153
575, 453, 424, 3, 7.557668
575, 534, 504, 3, 4.892956
575, 575, 541, 3, 0.681917
575, 2341, 2188, 15, 2.881270
575, 5812, 5433, 38, 6.279043
575, 7771, 7264, 51, 7.554275
575, 1812, 1693, 12, 5.235572
575, 864, 834, 3, 5.421840
575, 3692, 3451, 24, 2.581089
575, 1373, 1282, 9, 4.350870
575, 378, 359, 2, 6.267811
575, 1329, 1261, 7, 7.612007
575, 1311, 1241, 7, 3.725167
575, 194, 184, 1, 3.490773
575, 2030, 1905, 13, 5.820491
575, 487, 467, 2, 5.353806
575, 189, 180, 1, 3.285954
575, 705, 674, 3, 3.260799
575, 152, 142, 1, 3.051370
575, 183, 174, 1, 5.932328
575, 612, 572, 4, 6.056134
575, 403, 383, 2, 2.670987
575, 2638, 2497, 14, 4.948600
575, 177, 168, 1, 6.696632
575, 6118, 5720, 40, 4.341982
575, 1663, 1551, 11, 6.969530
575, 2127, 2018, 11, 4.307671
575, 2402, 2245, 16, 7.156344
575, 1697, 1634, 6, 3.415355
575, 188, 177, 1, 5.094980
575, 1671, 1561, 11, 4.173186
575, 3357, 3193, 17, 5.160896
575, 1042, 990, 5, 2.840771
575, 1061, 993, 7, 6.576887
575, 1580, 1520, 6, 5.958805
575, 5747, 5376, 37, 9.868105
575, 2268, 2119, 15, 5.158867
575, 1844, 1730, 12, 2.608435
575, 189, 179, 1, 3.971126
575, 571, 541, 3, 6.077088
575, 376, 355, 2, 4.003535
575, 2419, 2263, 16, 5.535075
575, 556, 533, 2, 1.282106
575, 1514, 1435, 8, 6.290848
575, 573, 543, 3, 5.890504
575, 150, 141, 1, 3.191157
575, 275, 263, 1, 4.695620
575, 3425, 3204, 22, 5.724802
575, 781, 740, 4, 5.010893
575, 3374, 3159, 21, 3.134421
575, 309, 289, 1, 6.456319
575, 178, 167, 1, 3.536143
575, 1220, 1141, 8, 4.059652
575, 1562, 1500, 7, 5.356323
575, 775, 735, 4, 4.059446
575, 274, 263, 1, 2.948685
575, 1723, 1612, 11, 5.563986
575, 755, 714, 4, 2.862745
575, 669, 645, 2, 7.713259
575, 173, 163, 1, 3.752150
575, 6404, 5990, 42, 7.935373
575, 527, 505, 2, 5.191496
575, 243, 233, 1, 3.643496
575, 755, 706, 5, 2.832077
575, 187, 178, 1, 3.331579
575, 863, 822, 4, 2.900474
575, 381, 360, 2, 1.620625
575, 602, 563, 4, 3.005507
575, 2472, 2310, 16, 7.253487
575, 353, 332, 2, 5.984787
575, 3516, 3287, 23, 6.912414
575, 146, 136, 1, 6.024686
575, 453, 423, 3, 5.442038
575, 2499, 2337, 16, 3.021051
575, 1922, 1830, 9, 5.626491
575, 196, 187, 1, 3.856855
575, 854, 811, 4, 6.108294
575, 190, 181, 1, 3.387999
575, 3452, 3225, 23, 3.808519
575, 357, 336, 2, 4.849111
575, 10523, 9833, 69, 3.970977
575, 149, 139, 1, 5.377260
575, 384, 363, 2, 3.631298
575, 4456, 4167, 29, 3.926898
575, 763, 723, 4, 6.787908
575, 570, 539, 3, 3.632417
575, 4031, 3772, 26, 4.528831
575, 4101, 3842, 26, 4.054830
575, 1140, 1083, 6, 2.710102
575, 4445, 4163, 28, 2.507953
575, 1058, 1006, 5, 4.651816
575, 451, 421, 3, 4.040140
575, 189, 180, 1, 5.378550
575, 1522, 1442, 8, 4.549658
575, 1591, 1492, 10, 4.632707
575, 309, 289, 1, 5.317763
575, 188, 178, 1, 0.963240
575, 194, 184, 1, 3.288892
575, 491, 470, 2, 6.701358
575, 3274, 3063, 21, 1.461439
575, 617, 595, 2, 5.626234
575, 1954, 1833, 12, 8.436525
575, 3474, 3243, 23, 0.715995
575, 359, 339, 2, 5.993338
575, 1354, 1263, 9, 5.320283
575, 305, 286, 2, 6.060812
575, 188, 179, 1, 1.968902
575, 352, 333, 2, 0.549126
575, 971, 929, 4, 3.789609
575, 970, 917, 5, 6.411458
575, 3876, 3630, 25, 4.477909
575, 1848, 1726, 12, 3.121465
575, 180, 170, 1, 5.749522
575, 188, 179, 1, 4.093813
575, 150, 140, 1, 7.630597
575, 1147, 1086, 6, 3.858412
575, 193, 184, 1, 5.936366
575, 769, 728, 4, 2.295297
575, 1738, 1670, 7, 6.080058
575, 3017, 2822, 19, 6.959484
575, 242, 232, 1, 5.193365
575, 8545, 8052, 48, 5.754887
575, 163, 152, 1, 9.549634
575, 597, 556, 4, 3.909431
575, 774, 734, 4, 3.093366
575, 441, 422, 2, 5.753106
575, 1072, 1000, 7, 6.510699
575, 5889, 5495, 39, 7.453978
575, 2853, 2670, 19, 5.988023
575, 233, 225, 1, 7.817446
575, 2611, 2439, 17, 3.668868
575, 5499, 5138, 36, 3.231262
575, 1236, 1154, 8, 3.436081
575, 414, 385, 2, 0.481021
575, 1275, 1204, 7, 5.463299
575, 4494, 4205, 29, 4.719625
575, 759, 709, 5, 5.137566
575, 456, 426, 3, 4.322042
575, 3681, 3446, 24, 7.357644
575, 149, 139, 1, 5.355148
575, 3187, 3039, 13, 7.021490
575, 199, 188, 1, 6.673198
575, 1368, 1279, 9, 3.919081
575, 7016, 6562, 46, 4.381199
575, 2425, 2265, 16, 3.964208
575, 1306, 1226, 8, 3.391371
575, 2774, 2594, 18, 6.851914
575, 3329, 3112, 22, 3.774527
575, 7004, 6547, 46, 3.976210
575, 3318, 3112, 21, 3.656166
575, 4392, 4108, 29, 4.549239
575, 302, 284, 2, 3.561455
575, 1062, 996, 7, 8.533234
575, 751, 705, 5, 6.088671
575, 4442, 4160, 27, 0.326338
575, 180, 170, 1, 6.676950
575, 791, 759, 3, 3.289117
575, 2171, 2032, 14, 3.604607
575, 706, 665, 4, 6.293895
575, 1347, 1256, 9, 6.363927
575, 1971, 1838, 13, 4.606230
575, 4160, 3976, 18, 7.081511
575, 2119, 1978, 14, 2.164029
575, 660, 629, 3, 4.283903
575, 248, 238, 1, 3.101432
575, 762, 723, 4, 3.486142
575, 152, 142, 1, 8.914606
575, 188, 178, 1, 6.146772
575, 1006, 956, 5, 4.827919
575, 703, 665, 4, 7.685558
575, 351, 331, 2, 5.170257
575, 3101, 2940, 16, 4.372453
575, 771, 731, 4, 1.068354
575, 929, 880, 5, 6.009940
575, 189, 179, 1, 6.943510
575, 2257, 2123, 13, 4.226337
575, 380, 359, 2, 7.695807
575, 276, 266, 1, 3.324791
575, 2112, 1972, 14, 7.996593
575, 147, 137, 1, 4.045357
575, 3817, 3565, 25, 1.996858
575, 965, 918, 5, 8.353194
575, 377, 357, 2, 7.069720
575, 206, 191, 1, 3.932299
575, 5426, 5080, 35, 4.255671
575, 1317, 1252, 6, 5.862701
575, 172, 162, 1, 5.240148
575, 3793, 3549, 25, 1.833947
575, 373, 352, 2, 5.026083
575, 758, 707, 5, 5.797660
575, 1338, 1267, 7, 5.256421
575, 816, 777, 4, 4.123454
575, 760, 717, 4, 4.509909
575, 1537, 1456, 8, 7.705473
575, 904, 843, 6, 7.522870
575, 197, 187, 1, 4.429962
575, 575, 545, 3, 6.598702
575, 385, 364, 2, 2.058485
575, 409, 380, 2, -1.261578
575, 192, 182, 1, 6.152021
575, 378, 357, 2, 5.355149
575, 305, 284, 2, 7.207419
575, 152, 142, 1, 4.396383
575, 568, 537, 3, 3.478134
575, 939, 898, 4, 2.190951
575, 2589, 2437, 15, 6.909846
575, 1382, 1310, 7, 1.708854
575, 188, 178, 1, 8.351784
575, 3854, 3608, 25, 8.010753
575, 185, 176, 1, 3.188719
575, 432, 414, 2, 3.008618
575, 453, 425, 3, 5.098678
575, 178, 167, 1, 5.874750
575, 2420, 2262, 16, 4.549384
575, 853, 813, 4, 5.928557
575, 1385, 1299, 9, 5.848677
575, 1966, 1892, 7, 3.956057
575, 357, 337, 2, 4.969439
575, 4322, 4044, 28, 3.883464
575, 5368, 5042, 34, 5.748641
575, 347, 327, 2, 4.206260
575, 5800, 5420, 38, 5.400239
575, 626, 581, 3, 7.631824
575, 1918, 1809, 11, 8.009538
575, 249, 238, 1, 0.609024
575, 1717, 1606, 11, 7.335350
575, 536, 506, 3, 7.309885
575, 567, 537, 3, 7.113072
575, 529, 499, 3, 7.665976
575, 604, 567, 4, 5.656602
575, 241, 230, 1, -0.379492
575, 1293, 1218, 8, 8.410167
575, 1871, 1801, 7, 7.071667
575, 6130, 5735, 40, 3.516592
575, 1363, 1274, 9, 6.723260
575, 5135, 4802, 34, -0.491286
575, 190, 181, 1, 3.629037
575, 5213, 4869, 34, 4.280935
575, 7608, 7108, 50, 6.320082
575, 904, 847, 6, 6.007968
575, 416, 386, 2, 4.581741
575, 250, 239, 1, 8.079994
575, 187, 176, 1, 4.214614
575, 567, 537, 3, 5.310157
575, 1428, 1368, 6, 3.917682
575, 1402, 1309, 9, 6.912472
575, 4811, 4524, 29, 6.369454
575, 11394, 10646, 75, 3.119544
575, 1847, 1756, 9, 4.852126
575, 192, 182, 1, 5.068179
575, 3683, 3447, 24, 1.153221
575, 1910, 1832, 8, 3.343231
575, 781, 741, 4, 4.953295
575, 580, 549, 3, 7.443865
575, 806, 755, 5, 7.405025
575, 2881, 2709, 17, 4.605828
575, 571, 540, 3, 5.088470
575, 4655, 4341, 31, 3.386652
575, 1201, 1126, 8, 4.052385
575, 569, 539, 3, 0.916684
575, 7891, 7377, 52, 4.009455
575, 2684, 2511, 18, 3.607484
575, 761, 723, 4, 7.270203
575, 152, 142, 1, 1.491174
575, 2714, 2538, 18, 3.520076
575, 854, 814, 4, 10.391852
575, 361, 341, 2, 2.006518
575, 597, 558, 4, 6.769570
575, 4006, 3763, 25, 4.649787
575, 2802, 2624, 18, 4.208289
575, 191, 180, 1, 6.111231
575, 8881, 8304, 58, 8.283237
575, 2565, 2397, 17, 2.280657
575, 282, 270, 1, 0.776722
575, 739, 700, 4, 7.319633
575, 1200, 1121, 8, 5.712849
575, 6672, 6231, 44, 4.293447
575, 371, 351, 2, 2.419778
575, 590, 553, 4, 1.926411
575, 245, 235, 1, 3.543560
575, 207, 193, 1, 10.178985
575, 354, 336, 2, 4.390824
575, 950, 901, 5, 2.522262
575, 567, 540, 3, 5.669211
575, 6314, 5908, 41, 0.852373
575, 534, 502, 3, 7.320662
575, 2795, 2614, 18, 7.954578
575, 188, 178, 1, 1.850309
575, 11960, 11178, 78, 9.662203
575, 11462, 10696, 76, 6.323311
575, 567, 537, 3, 4.437489
575, 2428, 2266, 16, 4.769562
575, 8152, 7618, 54, 7.231651
575, 1149, 1088, 6, 4.800622
575, 7266, 6786, 48, 4.867597
575, 1120, 1061, 6, 7.009748
575, 14344, 13400, 95, 7.802942
575, 349, 331, 2, 6.747129
575, 3210, 3025, 19, 3.186553
575, 2458, 2329, 13, 7.473638
575, 176, 166, 1, 5.337072
575, 11532, 10801, 75, 7.847688
575, 175, 165, 1, 3.632982
575, 382, 362, 2, 4.739550
575, 685, 655, 3, 3.073358
575, 956, 905, 5, 1.302934
575, 2567, 2406, 16, 8.269486
575, 3345, 3133, 22, 6.000681
575, 914, 854, 6, 2.983986
575, 4083, 3811, 27, 4.686268
575, 2010, 1877, 13, 5.026206
575, 178, 167, 1, 5.834187
575, 1024, 975, 5, 5.123736
575, 5089, 4757, 34, 4.832038
575, 186, 176, 1, 3.059560
575, 763, 722, 4, 3.079195
575, 247, 237, 1, 3.950582
575, 915, 855, 6, 0.827032
575, 355, 334, 2, 5.901220
575, 777, 746, 3, 3.874473
575, 758, 721, 4, 3.549505
575, 3646, 3410, 24, 6.689785
575, 352, 331, 2, 7.388304
575, 748, 717, 3, 1.020754
575, 188, 180, 1, 6.021586
575, 246, 235, 1, 3.861854
575, 1142, 1081, 6, 7.580293
575, 1826, 1705, 12, 7.183891
575, 4310, 4040, 27, 0.468703
575, 1338, 1265, 7, 3.471117
575, 1011, 960, 5, 2.603548
575, 195, 185, 1, 5.492348
575, 6159, 5760, 40, 3.582336
575, 173, 162, 1, 2.156945
575, 1001, 951, 5, 2.416390
575, 151, 141, 1, 2.922575
575, 1236, 1160, 8, 6.493597
575, 1054, 986, 7, 8.532841
575, 606, 566, 4, 6.843228
575, 5770, 5401, 37, 7.776646
575, 4905, 4613, 29, 2.641777
575, 3655, 3419, 24, 8.569921
575, 8252, 7716, 54, 7.557578
575, 3573, 3336, 23, 4.138098
575, 2403, 2244, 16, 1.104156
575, 351, 331, 2, 6.850592
575, 567, 537, 3, 2.867085
575, 1222, 1144, 8, 2.317190
575, 1036, 985, 5, 4.068620
575, 190, 180, 1, 3.142478
575, 244, 233, 1, 4.418551
575, 224, 213, 1, 5.554231
575, 3649, 3411, 24, 4.103891
575, 565, 535, 3, 6.173131
575, 189, 180, 1, 1.122405
575, 186, 178, 1, 8.959851
575, 6251, 5843, 41, 3.445430
575, 206, 191, 1, 4.532391
575, 948, 900, 5, 5.089122
575, 4311, 4037, 28, 3.995101
575, 757, 720, 4, 4.112522
575, 3734, 3486, 24, 3.228966
575, 189, 178, 1, 7.749208
575, 191, 180, 1, 4.372111
575, 6110, 5720, 39, 7.941480
575, 2276, 2128, 15, 7.260180
575, 716, 687, 3, 7.195768
575, 777, 726, 5, 5.415638
575, 2727, 2545, 18, 4.493779
575, 188, 178, 1, 5.253528
575, 190, 180, 1, 4.508674
575, 367, 349, 2, 6.999514
575, 3075, 2869, 20, 0.242502
575, 310, 290, 2, 5.841325
575, 251, 241, 1, 3.874026
575, 186, 177, 1, 2.339893
575, 541, 510, 3, 6.604553
575, 375, 355, 2, 7.530279
575, 189, 180, 1, 2.091121
575, 242, 232, 1, 6.824448
575, 419, 399, 2, 3.395737
575, 958, 909, 5, 3.047747
575, 577, 545, 3, 6.432155
575, 1531, 1431, 10, 9.840687
575, 556, 535, 2, 5.343787
575, 1899, 1801, 10, 3.715656
575, 174, 164, 1, 3.987462
575, 572, 542, 3, 10.125142
575, 2263, 2111, 15, 5.271510
575, 384, 366, 2, 4.161256
575, 2899, 2792, 11, 3.285518
575, 486, 467, 2, 3.192144
575, 583, 563, 2, 5.503109
575, 188, 178, 1, 7.065313
575, 177, 167, 1, 4.205752
575, 493, 472, 2, 3.328535
575, 1888, 1770, 12, 5.892476
575, 4136, 3870, 27, 5.054749
575, 350, 330, 2, 5.673216
575, 737, 697, 4, 5.284408
575, 2972, 2791, 19, 4.081219
575, 2411, 2254, 16, 2.348886
575, 1725, 1615, 11, 7.548747
575, 549, 518, 3, 4.537730
575, 498, 467, 3, 3.036238
575, 1330, 1262, 7, 7.146196
575, 578, 549, 3, 2.490047
575, 551, 520, 3, 4.830040
575, 1055, 987, 7, 5.035587
575, 870, 829, 4, 1.395134
575, 748, 698, 5, 4.695808
575, 1676, 1564, 11, 3.605266
575, 604, 565, 4, 3.361777
575, 1510, 1430, 8, 8.653899
575, 378, 359, 2, 5.450718
575, 386, 366, 2, 3.629535
575, 1053, 1011, 4, 0.263701
575, 750, 715, 4, 4.225275
575, 546, 528, 2, 3.668328
575, 445, 419, 3, 4.085987
575, 1352, 1262, 9, 3.585887
575, 7665, 7192, 47, 3.035279
575, 1126, 1058, 7, 4.119704
575, 846, 802, 4, 8.608844
575, 3492, 3338, 15, 7.364037
575, 215, 205, 1, 3.746453
575, 536, 506, 3, 1.769667
575, 958, 896, 6, 4.433064
575, 152, 142, 1, 4.381217
575, 798, 748, 5, 4.190423
575, 177, 167, 1, 3.954042
575, 177, 167, 1, 5.501592
575, 3616, 3378, 24, 2.856097
575, 7631, 7143, 50, 3.659541
575, 9766, 9147, 64, 6.523266
575, 296, 276, 2, 7.182616
575, 370, 353, 2, 5.397814
575, 1126, 1066, 6, 4.528254
575, 306, 286, 2, 7.317540
575, 182, 172, 1, 4.777233
575, 1227, 1147, 8, 4.890207
575, 1219, 1166, 5, 4.752449
575, 3349, 3133, 22, 2.834318
575, 178, 168, 1, 8.270340
575, 3161, 2952, 21, 5.646627
575, 562, 532, 3, 3.889486
575, 1128, 1068, 6, 7.353928
575, 157, 147, 1, 3.448274
575, 249, 238, 1, 3.324739
575, 764, 724, 4, 5.582595
575, 191, 181, 1, 2.952309
575, 756, 716, 4, 4.771045
575, 1323, 1258, 7, 5.976505
575, 364, 342, 2, 6.085998
575, 694, 654, 4, 5.611678
575, 1137, 1080, 6, 2.158011
575, 2025, 1894, 13, 4.744239
575, 6573, 6137, 43, 4.062829
575, 759, 711, 5, 0.455343
575, 4083, 3831, 25, 4.253122
575, 4428, 4141, 29, 5.269982
575, 373, 354, 2, 7.567873
575, 1012, 961, 5, 2.782715
575, 5050, 4722, 33, 8.202141
575, 858, 815, 4, 3.866613
575, 951, 903, 5, 6.200775
575, 1557, 1493, 6, 7.211245
575, 3030, 2826, 20, 4.803859
575, 768, 727, 4, 2.301553
575, 2184, 2074, 11, 4.598962
575, 2155, 2018, 14, 5.641479
575, 1147, 1088, 6, 7.533628
575, 187, 177, 1, 2.205051
575, 188, 178, 1, 3.614777
575, 178, 168, 1, 7.229273
575, 2564, 2459, 10, 2.833599
575, 149, 139, 1, 3.106048
575, 746, 697, 5, 3.177165
575, 3598, 3361, 24, 8.223566
575, 3528, 3325, 21, 8.211212
575, 1140, 1078, 6, 7.135909
575, 568, 538, 3, 5.785172
575, 765, 713, 5, 5.439202
575, 179, 169, 1, 5.010485
575, 3490, 3259, 23, 4.403708
575, 381, 359, 2, 5.772553
575, 1698, 1609, 9, 3.552321
575, 451, 421, 3, 4.740534
575, 5204, 4870, 34, 4.223668
575, 11797, 11035, 77, 3.321995
575, 916, 861, 6, 4.105804
575, 281, 270, 1, 6.370411
575, 760, 719, 4, 3.489802
575, 2889, 2705, 18, 4.541078
575, 2527, 2366, 16, 5.400684
575, 247, 237, 1, 2.987540
575, 1139, 1078, 6, 6.297682
575, 1056, 987, 7, 5.080801
575, 1035, 985, 5, 3.931387
575, 7031, 6573, 46, 4.811472
575, 463, 443, 2, 5.269321
575, 620, 590, 3, 3.120614
575, 2102, 1972, 13, 6.359977
575, 150, 141, 1, 7.879553
575, 573, 543, 3, 3.953906
575, 458, 428, 3, 9.041376
575, 1388, 1340, 4, 4.056967
575, 187, 177, 1, 4.310830
575, 743, 692, 5, 3.879455
575, 752, 713, 4, 7.766138
575, 368, 351, 2, 5.615972
575, 373, 355, 2, 3.116594
575, 1949, 1825, 13, 5.683734
575, 2554, 2389, 17, 8.153285
575, 600, 562, 4, 2.534138
575, 773, 724, 5, 5.653132
575, 1371, 1285, 9, 4.687330
575, 242, 233, 1, 4.986409
575, 2564, 2394, 17, 2.397503
575, 246, 236, 1, 6.374863
575, 2241, 2130, 10, 7.255805
575, 1043, 972, 7, 7.961100
575, 7416, 6931, 49, 6.416834
575, 1940, 1817, 12, 1.731093
575, 383, 362, 2, 7.182926
575, 6889, 6464, 43, 3.687954
575, 521, 490, 3, 5.317257
575, 373, 353, 2, 4.108669
575, 4938, 4615, 32, 5.713445
575, 178, 169, 1, 4.705283
575, 2445, 2281, 16, 10.163004
575, 1823, 1704, 12, 7.153727
575, 419, 401, 2, 5.536245
575, 188, 178, 1, 6.379868
575, 195, 185, 1, 6.231812
575, 2461, 2368, 9, 9.844417
575, 174, 164, 1, 4.907371
575, 744, 702, 4, 6.607931
575, 1538, 1436, 10, -0.809709
575, 1564, 1473, 9, 5.006163
575, 247, 235, 1, 6.917076
575, 2812, 2635, 18, 4.499154
575, 3643, 3407, 24, 6.952089
575, 2248, 2099, 15, 3.099132
575, 569, 539, 3, 5.247076
575, 1833, 1713, 12, 1.231176
575, 5016, 4692, 33, 2.736336
575, 5441, 5089, 36, 5.330655
575, 611, 573, 3, 7.794924
575, 276, 265, 1, 6.297061
575, 7204, 6731, 47, 2.530604
575, 300, 280, 2, 7.613743
575, 1694, 1604, 9, 3.366190
575, 3043, 2846, 20, 5.971930
575, 1666, 1557, 11, 2.864067
575, 196, 186, 1, 5.722321
575, 852, 821, 3, 4.158132
575, 4606, 4300, 30, 2.889013
575, 188, 179, 1, 4.490336
575, 3872, 3637, 24, 4.060138
575, 189, 179, 1, 6.891631
575, 381, 361, 2, 4.250244
575, 1281, 1204, 8, 3.656170
575, 190, 180, 1, 6.936089
575, 3180, 2969, 21, 8.835790
575, 888, 836, 5, 6.836733
575, 1354, 1279, 7, 7.857770
575, 1513, 1413, 10, 6.626850
575, 949, 908, 4, 6.491107
575, 891, 839, 5, 1.073313
575, 2119, 1986, 14, 2.876144
575, 355, 334, 2, 4.608220
575, 240, 231, 1, 9.170290
575, 274, 263, 1, 5.228654
575, 631, 601, 3, 3.183920
575, 1227, 1170, 6, 5.912202
575, 4451, 4159, 29, 6.101824
575, 242, 231, 1, 8.651604
575, 354, 334, 2, 5.807671
575, 3168, 2975, 19, 6.152676
575, 2791, 2613, 18, 2.525284
575, 1620, 1549, 7, 4.340111
575, 12379, 11581, 81, 0.408812
575, 2145, 2004, 14, 2.911879
575, 5220, 4886, 33, 5.879467
575, 753, 714, 4, 7.506468
575, 447, 416, 3, 4.419831
575, 1687, 1605, 8, 2.566480
575, 354, 334, 2, 6.154105
575, 190, 180, 1, 6.418530
575, 1218, 1137, 8, 1.781863
575, 240, 230, 1, 6.695943
575, 239, 230, 1, 4.872516
575, 3500, 3273, 23, 5.438129
575, 3169, 2960, 21, 4.386685
575, 567, 538, 3, 6.404859
575, 951, 905, 5, 5.431597
575, 4696, 4386, 31, 5.088792
575, 1038, 969, 7, 8.258467
575, 1784, 1700, 8, 4.592740
575, 2316, 2169, 15, 5.262951
575, 187, 178, 1, 5.013388
575, 3172, 2960, 21, 1.136137
575, 537, 507, 3, 1.078607
575, 1131, 1071, 6, 5.688286
575, 274, 263, 1, 1.672531
575, 174, 164, 1, 0.594545
575, 7983, 7485, 52, 3.380220
575, 1662, 1555, 11, 7.703881
575, 1357, 1266, 9, 5.957083
575, 175, 165, 1, 5.262519
575, 577, 548, 3, 5.212302
575, 8542, 7984, 56, 4.434359
575, 1128, 1066, 6, 5.835287
575, 945, 897, 5, 5.596923
575, 520, 491, 3, 4.827850
575, 573, 545, 3, 5.927813
575, 1660, 1555, 11, 2.578083
575, 761, 720, 4, 3.876529
575, 497, 479, 2, 5.609191
575, 2263, 2112, 15, 5.341144
575, 1988, 1859, 13, 6.730736
575, 1697, 1609, 9, 8.979039
575, 5177, 4834, 34, 7.350043
575, 194, 183, 1, 1.621399
575, 248, 237, 1, 5.365341
575, 2552, 2384, 17, 5.213443
575, 3995, 3777, 22, 0.770007
575, 2167, 2030, 14, 6.106194
575, 701, 664, 4, 2.387991
575, 2292, 2181, 11, 5.584921
575, 2454, 2297, 16, 2.893337
575, 4786, 4488, 30, 2.282677
575, 2525, 2373, 15, 6.323502
575, 762, 721, 4, 3.602305
575, 192, 181, 1, 2.066687
575, 566, 534, 3, 5.401031
575, 560, 529, 3, 4.180645
575, 8696, 8135, 57, 6.754658
575, 539, 511, 3, 3.804104
575, 3080, 2882, 20, 3.751654
575, 3341, 3173, 17, 6.448841
575, 1812, 1694, 12, 4.863764
575, 757, 718, 4, 7.865707
575, 6260, 5858, 41, 7.306911
575, 244, 234, 1, 3.676376
575, 2692, 2544, 15, 1.153628
575, 192, 182, 1, 5.051227
575, 4040, 3779, 26, 6.233389
575, 2587, 2418, 17, 6.583184
575, 763, 723, 4, 2.108161
575, 190, 181, 1, 2.571356
575, 1848, 1728, 12, 5.112546
575, 595, 553, 4, 6.630033
575, 1742, 1651, 9, 5.388878
575, 1061, 992, 7, 7.778487
575, 3044, 2839, 20, 5.075121
575, 379, 361, 2, 4.981268
575, 248, 238, 1, 4.360592
575, 2904, 2715, 19, 3.067422
575, 187, 177, 1, 6.455043
575, 3045, 2842, 20, 4.242489
575, 1860, 1739, 12, 2.514979
575, 1703, 1611, 9, 5.518816
575, 3195, 2982, 21, 5.098481
575, 491, 471, 2, 4.544634
575, 1063, 1005, 5, 4.059436
575, 149, 140, 1, 5.128352
575, 2428, 2303, 12, 4.898921
575, 1685, 1577, 11, 5.874818
575, 355, 335, 2, 5.313110
575, 600, 563, 4, 5.418462
575, 3342, 3129, 22, 0.154622
575, 1171, 1100, 7, 7.703945
575, 180, 170, 1, 7.891297
575, 359, 338, 2, 5.404254
575, 1015, 975, 4, 5.917517
575, 300, 281, 2, 8.198384
575, 4253, 3974, 28, 2.946393
575, 3872, 3610, 26, 9.077595
575, 1024, 954, 7, 2.505123
575, 4189, 3937, 25, 6.289332
575, 4285, 4006, 28, 5.830546
575, 2644, 2461, 18, 2.365029
575, 439, 408, 3, 9.048554
575, 4371, 4077, 30, 2.541180
575, 1439, 1348, 9, 3.305543
575, 368, 348, 2, 3.316666
575, 549, 521, 3, 5.516586
575, 587, 550, 4, 7.801982
575, 293, 274, 2, 5.049471
575, 349, 329, 2, 3.627418
575, 889, 849, 4, 8.204942
575, 14293, 13342, 97, 3.601717
575, 3208, 2989, 22, 4.495450
575, 911, 868, 4, 6.873888
575, 169, 162, 1, 2.589496
575, 10091, 9406, 69, 7.649288
575, 6732, 6278, 46, 5.142528
575, 1036, 973, 6, 5.622295
575, 370, 350, 2, 5.462941
575, 746, 696, 5, 6.668233
575, 626, 594, 3, 5.317707
575, 1108, 1050, 6, 5.377735
575, 479, 457, 2, 3.414122
575, 1745, 1626, 12, 5.373702
575, 370, 348, 2, 5.042937
575, 520, 498, 2, 6.024045
575, 3087, 2880, 21, 6.376000
575, 2037, 1901, 14, 4.042264
575, 724, 684, 4, 8.168261
575, 929, 896, 3, -2.909946
575, 170, 163, 1, 4.225106
575, 453, 433, 2, 4.556767
575, 185, 175, 1, 5.453694
575, 439, 409, 3, 5.131281
575, 6716, 6271, 46, 5.130595
575, 345, 324, 2, 4.585711
575, 239, 229, 1, 5.078538
575, 184, 174, 1, 2.007446
575, 343, 324, 2, 4.865708
575, 851, 816, 3, 1.583187
575, 2766, 2582, 19, 4.595393
575, 1850, 1755, 10, 4.129863
575, 1310, 1223, 9, 8.364072
575, 9114, 8495, 62, 4.270219
575, 1312, 1223, 9, 2.068962
575, 1890, 1764, 13, 5.991788
575, 172, 162, 1, 2.516135
575, 369, 348, 2, 6.077145
575, 1643, 1533, 11, 3.851445
575, 184, 175, 1, -0.054901
575, 2097, 1983, 11, 3.733610
575, 9072, 8462, 62, 6.344893
575, 146, 136, 1, 3.105257
575, 1024, 953, 7, 10.390222
575, 3831, 3569, 26, 6.258758
575, 738, 698, 4, 4.563832
575, 1934, 1838, 8, 4.769289
575, 549, 523, 3, 2.154426
575, 572, 552, 2, 2.648914
575, 1106, 1045, 6, 4.429376
575, 2839, 2708, 10, 5.910511
575, 4691, 4377, 32, -0.535745
575, 564, 542, 2, 5.200854
575, 2113, 2013, 10, 9.809035
575, 726, 698, 3, 5.729391
575, 6159, 5747, 42, 4.489083
575, 15192, 14181, 102, 4.562723
575, 586, 546, 4, 3.788867
575, 1900, 1774, 13, 5.598999
575, 1246, 1203, 4, 6.221018
575, 5307, 4970, 33, 2.058984
575, 192, 182, 1, 6.941538
575, 7656, 7162, 49, 5.374687
575, 874, 814, 6, 5.101587
575, 238, 228, 1, 4.551636
575, 3943, 3678, 27, 5.966895
575, 184, 174, 1, -0.028503
575, 586, 545, 4, 6.451889
575, 2472, 2307, 17, 4.115925
575, 1463, 1364, 10, 5.389098
575, 290, 271, 2, 5.228519
575, 1502, 1401, 10, 6.205120
575, 1033, 965, 7, 2.972602
575, 531, 504, 3, 5.607175
575, 6424, 6004, 43, 4.316711
575, 3723, 3472, 25, 5.672461
575, 170, 161, 1, 2.469778
575, 585, 546, 4, 5.235700
575, 291, 270, 2, 3.346061
575, 386, 365, 2, 1.802744
575, 188, 179, 1, 6.385579
575, 738, 697, 4, 6.478402
575, 437, 409, 3, 5.067127
575, 2202, 2051, 15, 4.413018
575, 4366, 4072, 30, 2.807650
575, 290, 272, 2, 4.703873
575, 921, 873, 5, 4.997964
575, 185, 175, 1, 5.288145
575, 147, 137, 1, 3.022841
575, 186, 176, 1, 5.160100
575, 2767, 2583, 19, 3.947548
575, 2325, 2215, 11, 7.303990
575, 291, 271, 2, 6.168730
575, 2833, 2641, 19, 5.661354
575, 2638, 2485, 15, 6.503956
575, 11083, 10347, 75, -1.712558
575, 609, 578, 3, 5.052991
575, 147, 137, 1, 6.538190
575, 1175, 1095, 8, 5.181115
575, 938, 889, 5, 5.354675
575, 9625, 8970, 66, 7.879747
575, 1026, 954, 7, 6.059083
575, 2144, 2038, 11, 5.223040
575, 1762, 1698, 6, 6.188552
575, 756, 719, 4, 6.611960
575, 1897, 1769, 13, 4.486076
575, 478, 457, 2, 5.639879
575, 875, 816, 6, 3.342404
575, 1313, 1225, 9, 1.245327
575, 145, 136, 1, 5.854332
575, 172, 162, 1, 4.577270
575, 345, 325, 2, 4.318908
575, 2494, 2326, 17, 3.251437
575, 3640, 3394, 25, 3.470659
575, 4669, 4349, 32, 3.090312
575, 925, 875, 5, 7.568283
575, 184, 174, 1, 6.568065
575, 183, 173, 1, 5.929959
575, 543, 521, 2, 5.840755
575, 2330, 2169, 16, 4.817091
575, 5125, 4776, 35, 1.530764
575, 7875, 7341, 54, 6.821406
575, 1198, 1138, 6, 0.380659
575, 2474, 2305, 17, 2.879779
575, 1167, 1086, 8, 6.869505
575, 2326, 2199, 13, 2.793867
575, 5535, 5164, 38, 5.179535
575, 2944, 2747, 20, 5.540474
575, 1317, 1226, 9, 6.226284
575, 370, 350, 2, 4.014891
575, 1468, 1368, 10, 6.640144
575, 8157, 7610, 56, 10.064395
575, 184, 174, 1, 7.805984
575, 270, 259, 1, 7.116357
575, 1067, 1010, 4, 2.532911
575, 586, 546, 4, 5.013955
